Cohort,Grade,Sunday,Monday,Tuesday,Wednesday,Thursday,Friday,Saturday
a-1,K,None,Math:9:00-10:00 EST;ELA:10:00-11:00 EST,Math:9:00-10:00 EST;ELA:10:00-11:00 EST,Math:9:00-10:00 EST;ELA:10:00-11:00 EST,Math:9:00-10:00 EST;ELA:10:00-11:00 EST,Math:9:00-10:00 EST;ELA:10:00-11:00 EST,None
a-2,K,None,Math:9:00-10:00 EST;ELA:10:00-11:00 EST,Math:9:00-10:00 EST;ELA:10:00-11:00 EST,Math:9:00-10:00 EST;ELA:10:00-11:00 EST,Math:9:00-10:00 EST;ELA:10:00-11:00 EST,Math:9:00-10:00 EST;ELA:10:00-11:00 EST,None
b-1,2,None,Math:11:30-12:30 EST;ELA:12:30-13:30 EST,Math:11:30-12:30 EST;ELA:12:30-13:30 EST,Math:11:30-12:30 EST;ELA:12:30-13:30 EST,Math:11:30-12:30 EST;ELA:12:30-13:30 EST,Math:11:30-12:30 EST;ELA:12:30-13:30 EST,None
b-2,3,None,Math:9:00-10:00 EST;ELA:10:00-11:00 EST,Math:9:00-10:00 EST;ELA:10:00-11:00 EST,Math:9:00-10:00 EST;ELA:10:00-11:00 EST,Math:9:00-10:00 EST;ELA:10:00-11:00 EST,Math:9:00-10:00 EST;ELA:10:00-11:00 EST,None
b-3,4,None,Math:11:30-12:30 EST;ELA:12:30-13:30 EST,Math:11:30-12:30 EST;ELA:12:30-13:30 EST,Math:11:30-12:30 EST;ELA:12:30-13:30 EST,Math:11:30-12:30 EST;ELA:12:30-13:30 EST,Math:11:30-12:30 EST;ELA:12:30-13:30 EST,None
c-1,5,None,Math:9:00-10:00 EST;ELA:10:00-11:00 EST,Math:9:00-10:00 EST;ELA:10:00-11:00 EST,Math:9:00-10:00 EST;ELA:10:00-11:00 EST,Math:9:00-10:00 EST;ELA:10:00-11:00 EST,Math:9:00-10:00 EST;ELA:10:00-11:00 EST,None
c-2,6,None,ELA:9:00-10:00 EST;Math:10:00-11:00 EST,ELA:9:00-10:00 EST;Math:10:00-11:00 EST,ELA:9:00-10:00 EST;Math:10:00-11:00 EST,ELA:9:00-10:00 EST;Math:10:00-11:00 EST,ELA:9:00-10:00 EST;Math:10:00-11:00 EST,None
c-3,7,None,Math:11:30-12:30 EST;ELA:12:30-13:30 EST,Math:11:30-12:30 EST;ELA:12:30-13:30 EST,Math:11:30-12:30 EST;ELA:12:30-13:30 EST,Math:11:30-12:30 EST;ELA:12:30-13:30 EST,Math:11:30-12:30 EST;ELA:12:30-13:30 EST,None
c-4,8,None,ELA:11:30-12:30 EST;Math:12:30-13:30 EST,ELA:11:30-12:30 EST;Math:12:30-13:30 EST,ELA:11:30-12:30 EST;Math:12:30-13:30 EST,ELA:11:30-12:30 EST;Math:12:30-13:30 EST,ELA:11:30-12:30 EST;Math:12:30-13:30 EST,None