Cohort,Grade,Subjects,Sunday,Monday,Tuesday,Wednesday,Thursday,Friday,Saturday,Google Classroom Link,Subject,Math
a-1,K,Gen,None,Math:9:00-10:00 EST;ELA:10:00-11:00 EST,Math:9:00-10:00 EST;ELA:10:00-11:00 EST,Math:9:00-10:00 EST;ELA:10:00-11:00 EST,Math:9:00-10:00 EST;ELA:10:00-11:00 EST,Math:9:00-10:00 EST;ELA:10:00-11:00 EST,None,None,Gen,testemail 1;testemail1@gmail.com,testemail 1;testemail1@gmail.com
a-2,K,Gen,None,Math:9:00-10:00 EST;ELA:10:00-11:00 EST,Math:9:00-10:00 EST;ELA:10:00-11:00 EST,Math:9:00-10:00 EST;ELA:10:00-11:00 EST,Math:9:00-10:00 EST;ELA:10:00-11:00 EST,Math:9:00-10:00 EST;ELA:10:00-11:00 EST,None,None,Gen,testemail 2;testemail2@gmail.com,testemail 2;testemail2@gmail.com
b-1,2,Gen,None,Math:11:30-12:30 EST;ELA:12:30-13:30 EST,Math:11:30-12:30 EST;ELA:12:30-13:30 EST,Math:11:30-12:30 EST;ELA:12:30-13:30 EST,Math:11:30-12:30 EST;ELA:12:30-13:30 EST,Math:11:30-12:30 EST;ELA:12:30-13:30 EST,None,None,Gen,testemail 2;testemail2@gmail.com,testemail 2;testemail2@gmail.com
b-2,3,Gen,None,Math:9:00-10:00 EST;ELA:10:00-11:00 EST,Math:9:00-10:00 EST;ELA:10:00-11:00 EST,Math:9:00-10:00 EST;ELA:10:00-11:00 EST,Math:9:00-10:00 EST;ELA:10:00-11:00 EST,Math:9:00-10:00 EST;ELA:10:00-11:00 EST,None,None,Gen,testemail 3;testemail3@tutored.live,testemail 3;testemail3@tutored.live
b-3,4,Gen,None,Math:11:30-12:30 EST;ELA:12:30-13:30 EST,Math:11:30-12:30 EST;ELA:12:30-13:30 EST,Math:11:30-12:30 EST;ELA:12:30-13:30 EST,Math:11:30-12:30 EST;ELA:12:30-13:30 EST,Math:11:30-12:30 EST;ELA:12:30-13:30 EST,None,None,Gen,testemail 3;testemail3@tutored.live,testemail 3;testemail3@tutored.live
c-1,5,Gen,None,Math:9:00-10:00 EST;ELA:10:00-11:00 EST,Math:9:00-10:00 EST;ELA:10:00-11:00 EST,Math:9:00-10:00 EST;ELA:10:00-11:00 EST,Math:9:00-10:00 EST;ELA:10:00-11:00 EST,Math:9:00-10:00 EST;ELA:10:00-11:00 EST,None,None,Gen,testemail 4;testemail4@gmail.com,testemail 1;testemail1@gmail.com
c-2,6,Gen,None,ELA:9:00-10:00 EST;Math:10:00-11:00 EST,ELA:9:00-10:00 EST;Math:10:00-11:00 EST,ELA:9:00-10:00 EST;Math:10:00-11:00 EST,ELA:9:00-10:00 EST;Math:10:00-11:00 EST,ELA:9:00-10:00 EST;Math:10:00-11:00 EST,None,None,Gen,testemail 4;testemail4@gmail.com,testemail 1;testemail1@gmail.com
c-3,7,Gen,None,Math:11:30-12:30 EST;ELA:12:30-13:30 EST,Math:11:30-12:30 EST;ELA:12:30-13:30 EST,Math:11:30-12:30 EST;ELA:12:30-13:30 EST,Math:11:30-12:30 EST;ELA:12:30-13:30 EST,Math:11:30-12:30 EST;ELA:12:30-13:30 EST,None,None,Gen,testemail 4;testemail4@gmail.com,testemail 1;testemail1@gmail.com
c-4,8,Gen,None,ELA:11:30-12:30 EST;Math:12:30-13:30 EST,ELA:11:30-12:30 EST;Math:12:30-13:30 EST,ELA:11:30-12:30 EST;Math:12:30-13:30 EST,ELA:11:30-12:30 EST;Math:12:30-13:30 EST,ELA:11:30-12:30 EST;Math:12:30-13:30 EST,None,None,Gen,testemail 4;testemail4@gmail.com,testemail 1;testemail1@gmail.com